dialysis_type,dialysis_present,n_pacientes,n_mortes,porcentagem_morte
"CRRT, CVVHD",1,20,17,85.0
CRRT,1,75,59,78.66666666666666
CVVHDF,1,178,135,75.84269662921348
"CRRT, CVVHDF",1,556,411,73.92086330935251
"CRRT, CVVH",1,9,6,66.66666666666666
,1,917,543,59.214830970556164
Peritoneal,1,95,50,52.63157894736842
"CRRT, CVVHDF, IHD",1,22,11,50.0
IHD,1,735,349,47.48299319727891
